"Site1","Site2","Distance","Rate1","Rate2","Absdiff","Quarter","Month_f"
"AH1","AH3",8.548444728214,66.6666666666667,33.3333333333333,33.3333333333334,"August 2021","August 2021"
"AH1","AH3",8.548444728214,50,0,50,"August 2022","August 2022"
"AH1","AH3",8.548444728214,0,0,0,"July 2021","July 2021"
"AH1","AH3",8.548444728214,0,25,25,"July 2022","July 2022"
"AH1","EG1",9.05347719177127,66.6666666666667,33.3333333333333,33.3333333333334,"August 2021","August 2021"
"AH1","EG1",9.05347719177127,50,33.3333333333333,16.6666666666667,"August 2022","August 2022"
"AH1","EG1",9.05347719177127,0,0,0,"July 2021","July 2021"
"AH1","EG1",9.05347719177127,0,0,0,"July 2022","July 2022"
"AH1","EG4",7.95640969791966,66.6666666666667,50,16.6666666666667,"August 2021","August 2021"
"AH1","EG4",7.95640969791966,50,25,25,"August 2022","August 2022"
"AH1","EG4",7.95640969791966,0,33.3333333333333,33.3333333333333,"July 2021","July 2021"
"AH1","EG4",7.95640969791966,0,50,50,"July 2022","July 2022"
"AH1","DP3",6.06868955409293,66.6666666666667,0,66.6666666666667,"August 2021","August 2021"
"AH1","DP3",6.06868955409293,50,66.6666666666667,16.6666666666667,"August 2022","August 2022"
"AH1","DP3",6.06868955409293,0,100,100,"July 2021","July 2021"
"AH1","DP3",6.06868955409293,0,33.3333333333333,33.3333333333333,"July 2022","July 2022"
"AH1","SC1",12.5794509725667,66.6666666666667,0,66.6666666666667,"August 2021","August 2021"
"AH1","SC1",12.5794509725667,50,25,25,"August 2022","August 2022"
"AH1","SC1",12.5794509725667,0,33.3333333333333,33.3333333333333,"July 2021","July 2021"
"AH1","SC1",12.5794509725667,0,0,0,"July 2022","July 2022"
"AH1","ST1",15.5986420179596,66.6666666666667,0,66.6666666666667,"August 2021","August 2021"
"AH1","ST1",15.5986420179596,50,0,50,"August 2022","August 2022"
"AH1","ST1",15.5986420179596,0,0,0,"July 2021","July 2021"
"AH1","ST1",15.5986420179596,0,33.3333333333333,33.3333333333333,"July 2022","July 2022"
"AH1","EG2",6.074584416801,66.6666666666667,66.6666666666667,0,"August 2021","August 2021"
"AH1","EG2",6.074584416801,50,0,50,"August 2022","August 2022"
"AH1","EG2",6.074584416801,0,75,75,"July 2021","July 2021"
"AH1","EG2",6.074584416801,0,0,0,"July 2022","July 2022"
"AH1","DP1",4.5777116098435,66.6666666666667,0,66.6666666666667,"August 2021","August 2021"
"AH1","DP1",4.5777116098435,50,0,50,"August 2022","August 2022"
"AH1","DP1",4.5777116098435,0,0,0,"July 2022","July 2022"
"AH1","DP4",6.92624215717187,66.6666666666667,0,66.6666666666667,"August 2021","August 2021"
"AH1","DP4",6.92624215717187,50,25,25,"August 2022","August 2022"
"AH1","DP4",6.92624215717187,0,100,100,"July 2021","July 2021"
"AH1","DP4",6.92624215717187,0,0,0,"July 2022","July 2022"
"AH1","PR1",12.1209981925325,66.6666666666667,50,16.6666666666667,"August 2021","August 2021"
"AH1","PR1",12.1209981925325,50,25,25,"August 2022","August 2022"
"AH1","PR1",12.1209981925325,0,50,50,"July 2021","July 2021"
"AH1","PR1",12.1209981925325,0,33.3333333333333,33.3333333333333,"July 2022","July 2022"
"AH1","PR2",14.3076167814338,50,0,50,"August 2022","August 2022"
"AH1","PR2",14.3076167814338,0,0,0,"July 2021","July 2021"
"AH1","PR2",14.3076167814338,0,0,0,"July 2022","July 2022"
"AH1","PR3",14.7924947579829,66.6666666666667,33.3333333333333,33.3333333333334,"August 2021","August 2021"
"AH1","PR3",14.7924947579829,50,0,50,"August 2022","August 2022"
"AH1","PR3",14.7924947579829,0,0,0,"July 2021","July 2021"
"AH1","PR3",14.7924947579829,0,0,0,"July 2022","July 2022"
"AH1","PH1",4.81858145569469,66.6666666666667,100,33.3333333333333,"August 2021","August 2021"
"AH1","PH1",4.81858145569469,50,50,0,"August 2022","August 2022"
"AH1","PH1",4.81858145569469,0,0,0,"July 2021","July 2021"
"AH1","PH1",4.81858145569469,0,0,0,"July 2022","July 2022"
"AH1","AH2",7.41761615881878,66.6666666666667,0,66.6666666666667,"August 2021","August 2021"
"AH1","AH2",7.41761615881878,50,25,25,"August 2022","August 2022"
"AH1","AH2",7.41761615881878,0,0,0,"July 2021","July 2021"
"AH1","AH2",7.41761615881878,0,50,50,"July 2022","July 2022"
"AH1","EG3",4.83364742492275,66.6666666666667,0,66.6666666666667,"August 2021","August 2021"
"AH1","EG3",4.83364742492275,50,25,25,"August 2022","August 2022"
"AH1","EG3",4.83364742492275,0,33.3333333333333,33.3333333333333,"July 2021","July 2021"
"AH1","EG3",4.83364742492275,0,0,0,"July 2022","July 2022"
"AH1","DP2",5.27462674955729,66.6666666666667,33.3333333333333,33.3333333333334,"August 2021","August 2021"
"AH1","DP2",5.27462674955729,50,50,0,"August 2022","August 2022"
"AH1","DP2",5.27462674955729,0,33.3333333333333,33.3333333333333,"July 2021","July 2021"
"AH1","DP2",5.27462674955729,0,0,0,"July 2022","July 2022"
"AH1","DP5",7.39501190744997,66.6666666666667,100,33.3333333333333,"August 2021","August 2021"
"AH1","DP5",7.39501190744997,50,0,50,"August 2022","August 2022"
"AH1","DP5",7.39501190744997,0,0,0,"July 2021","July 2021"
"AH1","DP5",7.39501190744997,0,50,50,"July 2022","July 2022"
"AH1","HP1",16.0329905418048,66.6666666666667,66.6666666666667,0,"August 2021","August 2021"
"AH1","HP1",16.0329905418048,50,25,25,"August 2022","August 2022"
"AH1","HP1",16.0329905418048,0,33.3333333333333,33.3333333333333,"July 2022","July 2022"
"AH1","HE1",12.7421813904133,66.6666666666667,0,66.6666666666667,"August 2021","August 2021"
"AH1","HE1",12.7421813904133,50,25,25,"August 2022","August 2022"
"AH1","HE1",12.7421813904133,0,0,0,"July 2021","July 2021"
"AH1","HE1",12.7421813904133,0,0,0,"July 2022","July 2022"
"AH1","MP1",3.11977304756635,66.6666666666667,66.6666666666667,0,"August 2021","August 2021"
"AH1","MP1",3.11977304756635,50,0,50,"August 2022","August 2022"
"AH1","MP1",3.11977304756635,0,0,0,"July 2021","July 2021"
"AH1","MP1",3.11977304756635,0,0,0,"July 2022","July 2022"
"AH2","AH3",1.73152913269283,0,33.3333333333333,33.3333333333333,"August 2021","August 2021"
"AH2","AH3",1.73152913269283,25,0,25,"August 2022","August 2022"
"AH2","AH3",1.73152913269283,0,0,0,"July 2021","July 2021"
"AH2","AH3",1.73152913269283,50,25,25,"July 2022","July 2022"
"AH2","EG1",15.4290934922302,0,33.3333333333333,33.3333333333333,"August 2021","August 2021"
"AH2","EG1",15.4290934922302,25,33.3333333333333,8.3333333333333,"August 2022","August 2022"
"AH2","EG1",15.4290934922302,0,0,0,"July 2021","July 2021"
"AH2","EG1",15.4290934922302,50,0,50,"July 2022","July 2022"
"AH2","EG4",15.2122070417365,0,50,50,"August 2021","August 2021"
"AH2","EG4",15.2122070417365,25,25,0,"August 2022","August 2022"
"AH2","EG4",15.2122070417365,0,33.3333333333333,33.3333333333333,"July 2021","July 2021"
"AH2","EG4",15.2122070417365,50,50,0,"July 2022","July 2022"
"AH2","DP3",12.9590412579759,0,0,0,"August 2021","August 2021"
"AH2","DP3",12.9590412579759,25,66.6666666666667,41.6666666666667,"August 2022","August 2022"
"AH2","DP3",12.9590412579759,0,100,100,"July 2021","July 2021"
"AH2","DP3",12.9590412579759,50,33.3333333333333,16.6666666666667,"July 2022","July 2022"
"AH2","SC1",17.3226967179788,0,0,0,"August 2021","August 2021"
"AH2","SC1",17.3226967179788,25,25,0,"August 2022","August 2022"
"AH2","SC1",17.3226967179788,0,33.3333333333333,33.3333333333333,"July 2021","July 2021"
"AH2","SC1",17.3226967179788,50,0,50,"July 2022","July 2022"
"AH2","ST1",18.4385370334453,0,0,0,"August 2021","August 2021"
"AH2","ST1",18.4385370334453,25,0,25,"August 2022","August 2022"
"AH2","ST1",18.4385370334453,0,0,0,"July 2021","July 2021"
"AH2","ST1",18.4385370334453,50,33.3333333333333,16.6666666666667,"July 2022","July 2022"
"AH2","EG2",13.1091530450599,0,66.6666666666667,66.6666666666667,"August 2021","August 2021"
"AH2","EG2",13.1091530450599,25,0,25,"August 2022","August 2022"
"AH2","EG2",13.1091530450599,0,75,75,"July 2021","July 2021"
"AH2","EG2",13.1091530450599,50,0,50,"July 2022","July 2022"
"AH2","DP1",9.77342569891451,0,0,0,"August 2021","August 2021"
"AH2","DP1",9.77342569891451,25,0,25,"August 2022","August 2022"
"AH2","DP1",9.77342569891451,50,0,50,"July 2022","July 2022"
"AH2","DP4",12.7759035269395,0,0,0,"August 2021","August 2021"
"AH2","DP4",12.7759035269395,25,25,0,"August 2022","August 2022"
"AH2","DP4",12.7759035269395,0,100,100,"July 2021","July 2021"
"AH2","DP4",12.7759035269395,50,0,50,"July 2022","July 2022"
"AH2","PR1",17.5312008081104,0,50,50,"August 2021","August 2021"
"AH2","PR1",17.5312008081104,25,25,0,"August 2022","August 2022"
"AH2","PR1",17.5312008081104,0,50,50,"July 2021","July 2021"
"AH2","PR1",17.5312008081104,50,33.3333333333333,16.6666666666667,"July 2022","July 2022"
"AH2","PR2",19.8243554166002,25,0,25,"August 2022","August 2022"
"AH2","PR2",19.8243554166002,0,0,0,"July 2021","July 2021"
"AH2","PR2",19.8243554166002,50,0,50,"July 2022","July 2022"
"AH2","PR3",20.4888105952857,0,33.3333333333333,33.3333333333333,"August 2021","August 2021"
"AH2","PR3",20.4888105952857,25,0,25,"August 2022","August 2022"
"AH2","PR3",20.4888105952857,0,0,0,"July 2021","July 2021"
"AH2","PR3",20.4888105952857,50,0,50,"July 2022","July 2022"
"AH2","PH1",7.70324638762919,0,100,100,"August 2021","August 2021"
"AH2","PH1",7.70324638762919,25,50,25,"August 2022","August 2022"
"AH2","PH1",7.70324638762919,0,0,0,"July 2021","July 2021"
"AH2","PH1",7.70324638762919,50,0,50,"July 2022","July 2022"
"AH2","EG3",12.1549298794679,0,0,0,"August 2021","August 2021"
"AH2","EG3",12.1549298794679,25,25,0,"August 2022","August 2022"
"AH2","EG3",12.1549298794679,0,33.3333333333333,33.3333333333333,"July 2021","July 2021"
"AH2","EG3",12.1549298794679,50,0,50,"July 2022","July 2022"
"AH2","DP2",12.3044960949953,0,33.3333333333333,33.3333333333333,"August 2021","August 2021"
"AH2","DP2",12.3044960949953,25,50,25,"August 2022","August 2022"
"AH2","DP2",12.3044960949953,0,33.3333333333333,33.3333333333333,"July 2021","July 2021"
"AH2","DP2",12.3044960949953,50,0,50,"July 2022","July 2022"
"AH2","DP5",12.8316574079208,0,100,100,"August 2021","August 2021"
"AH2","DP5",12.8316574079208,25,0,25,"August 2022","August 2022"
"AH2","DP5",12.8316574079208,0,0,0,"July 2021","July 2021"
"AH2","DP5",12.8316574079208,50,50,0,"July 2022","July 2022"
"AH2","HP1",19.9922287461743,0,66.6666666666667,66.6666666666667,"August 2021","August 2021"
"AH2","HP1",19.9922287461743,25,25,0,"August 2022","August 2022"
"AH2","HP1",19.9922287461743,50,33.3333333333333,16.6666666666667,"July 2022","July 2022"
"AH2","HE1",14.3082780411406,0,0,0,"August 2021","August 2021"
"AH2","HE1",14.3082780411406,25,25,0,"August 2022","August 2022"
"AH2","HE1",14.3082780411406,0,0,0,"July 2021","July 2021"
"AH2","HE1",14.3082780411406,50,0,50,"July 2022","July 2022"
"AH2","MP1",7.51170095769734,0,66.6666666666667,66.6666666666667,"August 2021","August 2021"
"AH2","MP1",7.51170095769734,25,0,25,"August 2022","August 2022"
"AH2","MP1",7.51170095769734,0,0,0,"July 2021","July 2021"
"AH2","MP1",7.51170095769734,50,0,50,"July 2022","July 2022"
"AH3","EG1",15.9126255334189,33.3333333333333,33.3333333333333,0,"August 2021","August 2021"
"AH3","EG1",15.9126255334189,0,33.3333333333333,33.3333333333333,"August 2022","August 2022"
"AH3","EG1",15.9126255334189,0,0,0,"July 2021","July 2021"
"AH3","EG1",15.9126255334189,25,0,25,"July 2022","July 2022"
"AH3","EG4",16.0792576965012,33.3333333333333,50,16.6666666666667,"August 2021","August 2021"
"AH3","EG4",16.0792576965012,0,25,25,"August 2022","August 2022"
"AH3","EG4",16.0792576965012,0,33.3333333333333,33.3333333333333,"July 2021","July 2021"
"AH3","EG4",16.0792576965012,25,50,25,"July 2022","July 2022"
"AH3","DP3",14.335436684319,33.3333333333333,0,33.3333333333333,"August 2021","August 2021"
"AH3","DP3",14.335436684319,0,66.6666666666667,66.6666666666667,"August 2022","August 2022"
"AH3","DP3",14.335436684319,0,100,100,"July 2021","July 2021"
"AH3","DP3",14.335436684319,25,33.3333333333333,8.3333333333333,"July 2022","July 2022"
"AH3","SC1",17.2848198089507,33.3333333333333,0,33.3333333333333,"August 2021","August 2021"
"AH3","SC1",17.2848198089507,0,25,25,"August 2022","August 2022"
"AH3","SC1",17.2848198089507,0,33.3333333333333,33.3333333333333,"July 2021","July 2021"
"AH3","SC1",17.2848198089507,25,0,25,"July 2022","July 2022"
"AH3","ST1",17.9075397403219,33.3333333333333,0,33.3333333333333,"August 2021","August 2021"
"AH3","ST1",17.9075397403219,0,0,0,"August 2022","August 2022"
"AH3","ST1",17.9075397403219,0,0,0,"July 2021","July 2021"
"AH3","ST1",17.9075397403219,25,33.3333333333333,8.3333333333333,"July 2022","July 2022"
"AH3","EG2",13.8913068453862,33.3333333333333,66.6666666666667,33.3333333333334,"August 2021","August 2021"
"AH3","EG2",13.8913068453862,0,0,0,"August 2022","August 2022"
"AH3","EG2",13.8913068453862,0,75,75,"July 2021","July 2021"
"AH3","EG2",13.8913068453862,25,0,25,"July 2022","July 2022"
"AH3","DP1",11.3379691743546,33.3333333333333,0,33.3333333333333,"August 2021","August 2021"
"AH3","DP1",11.3379691743546,0,0,0,"August 2022","August 2022"
"AH3","DP1",11.3379691743546,25,0,25,"July 2022","July 2022"
"AH3","DP4",14.3270573536263,33.3333333333333,0,33.3333333333333,"August 2021","August 2021"
"AH3","DP4",14.3270573536263,0,25,25,"August 2022","August 2022"
"AH3","DP4",14.3270573536263,0,100,100,"July 2021","July 2021"
"AH3","DP4",14.3270573536263,25,0,25,"July 2022","July 2022"
"AH3","PR1",19.1669926889129,33.3333333333333,50,16.6666666666667,"August 2021","August 2021"
"AH3","PR1",19.1669926889129,0,25,25,"August 2022","August 2022"
"AH3","PR1",19.1669926889129,0,50,50,"July 2021","July 2021"
"AH3","PR1",19.1669926889129,25,33.3333333333333,8.3333333333333,"July 2022","July 2022"
"AH3","PR2",21.460187336065,0,0,0,"August 2022","August 2022"
"AH3","PR2",21.460187336065,0,0,0,"July 2021","July 2021"
"AH3","PR2",21.460187336065,25,0,25,"July 2022","July 2022"
"AH3","PR3",22.1090669783742,33.3333333333333,33.3333333333333,0,"August 2021","August 2021"
"AH3","PR3",22.1090669783742,0,0,0,"August 2022","August 2022"
"AH3","PR3",22.1090669783742,0,0,0,"July 2021","July 2021"
"AH3","PR3",22.1090669783742,25,0,25,"July 2022","July 2022"
"AH3","PH1",9.37271230747985,33.3333333333333,100,66.6666666666667,"August 2021","August 2021"
"AH3","PH1",9.37271230747985,0,50,50,"August 2022","August 2022"
"AH3","PH1",9.37271230747985,0,0,0,"July 2021","July 2021"
"AH3","PH1",9.37271230747985,25,0,25,"July 2022","July 2022"
"AH3","EG3",13.1088796498404,33.3333333333333,0,33.3333333333333,"August 2021","August 2021"
"AH3","EG3",13.1088796498404,0,25,25,"August 2022","August 2022"
"AH3","EG3",13.1088796498404,0,33.3333333333333,33.3333333333333,"July 2021","July 2021"
"AH3","EG3",13.1088796498404,25,0,25,"July 2022","July 2022"
"AH3","DP2",13.6370950102872,33.3333333333333,33.3333333333333,0,"August 2021","August 2021"
"AH3","DP2",13.6370950102872,0,50,50,"August 2022","August 2022"
"AH3","DP2",13.6370950102872,0,33.3333333333333,33.3333333333333,"July 2021","July 2021"
"AH3","DP2",13.6370950102872,25,0,25,"July 2022","July 2022"
"AH3","DP5",14.4285567299295,33.3333333333333,100,66.6666666666667,"August 2021","August 2021"
"AH3","DP5",14.4285567299295,0,0,0,"August 2022","August 2022"
"AH3","DP5",14.4285567299295,0,0,0,"July 2021","July 2021"
"AH3","DP5",14.4285567299295,25,50,25,"July 2022","July 2022"
"AH3","HP1",19.6954133873349,33.3333333333333,66.6666666666667,33.3333333333334,"August 2021","August 2021"
"AH3","HP1",19.6954133873349,0,25,25,"August 2022","August 2022"
"AH3","HP1",19.6954133873349,25,33.3333333333333,8.3333333333333,"July 2022","July 2022"
"AH3","HE1",13.6153645539879,33.3333333333333,0,33.3333333333333,"August 2021","August 2021"
"AH3","HE1",13.6153645539879,0,25,25,"August 2022","August 2022"
"AH3","HE1",13.6153645539879,0,0,0,"July 2021","July 2021"
"AH3","HE1",13.6153645539879,25,0,25,"July 2022","July 2022"
"AH3","MP1",9.0527085590115,33.3333333333333,66.6666666666667,33.3333333333334,"August 2021","August 2021"
"AH3","MP1",9.0527085590115,0,0,0,"August 2022","August 2022"
"AH3","MP1",9.0527085590115,0,0,0,"July 2021","July 2021"
"AH3","MP1",9.0527085590115,25,0,25,"July 2022","July 2022"
"DP1","EG1",11.7153729769176,0,33.3333333333333,33.3333333333333,"August 2021","August 2021"
"DP1","EG1",11.7153729769176,0,33.3333333333333,33.3333333333333,"August 2022","August 2022"
"DP1","EG1",11.7153729769176,0,0,0,"July 2022","July 2022"
"DP1","EG4",9.17419129597273,0,50,50,"August 2021","August 2021"
"DP1","EG4",9.17419129597273,0,25,25,"August 2022","August 2022"
"DP1","EG4",9.17419129597273,0,50,50,"July 2022","July 2022"
"DP1","DP3",3.97823193414014,0,0,0,"August 2021","August 2021"
"DP1","DP3",3.97823193414014,0,66.6666666666667,66.6666666666667,"August 2022","August 2022"
"DP1","DP3",3.97823193414014,0,33.3333333333333,33.3333333333333,"July 2022","July 2022"
"DP1","SC1",16.1684169372058,0,0,0,"August 2021","August 2021"
"DP1","SC1",16.1684169372058,0,25,25,"August 2022","August 2022"
"DP1","SC1",16.1684169372058,0,0,0,"July 2022","July 2022"
"DP1","ST1",19.7842335649481,0,0,0,"August 2021","August 2021"
"DP1","ST1",19.7842335649481,0,0,0,"August 2022","August 2022"
"DP1","ST1",19.7842335649481,0,33.3333333333333,33.3333333333333,"July 2022","July 2022"
"DP1","EG2",8.26214289040394,0,66.6666666666667,66.6666666666667,"August 2021","August 2021"
"DP1","EG2",8.26214289040394,0,0,0,"August 2022","August 2022"
"DP1","EG2",8.26214289040394,0,0,0,"July 2022","July 2022"
"DP1","DP4",3.00473495615153,0,0,0,"August 2021","August 2021"
"DP1","DP4",3.00473495615153,0,25,25,"August 2022","August 2022"
"DP1","DP4",3.00473495615153,0,0,0,"July 2022","July 2022"
"DP1","PR1",7.94032742548144,0,50,50,"August 2021","August 2021"
"DP1","PR1",7.94032742548144,0,25,25,"August 2022","August 2022"
"DP1","PR1",7.94032742548144,0,33.3333333333333,33.3333333333333,"July 2022","July 2022"
"DP1","PR2",10.2154747556743,0,0,0,"August 2022","August 2022"
"DP1","PR2",10.2154747556743,0,0,0,"July 2022","July 2022"
"DP1","PR3",10.8163976374192,0,33.3333333333333,33.3333333333333,"August 2021","August 2021"
"DP1","PR3",10.8163976374192,0,0,0,"August 2022","August 2022"
"DP1","PR3",10.8163976374192,0,0,0,"July 2022","July 2022"
"DP1","PH1",2.6046572706252,0,100,100,"August 2021","August 2021"
"DP1","PH1",2.6046572706252,0,50,50,"August 2022","August 2022"
"DP1","PH1",2.6046572706252,0,0,0,"July 2022","July 2022"
"DP1","EG3",6.53953470791857,0,0,0,"August 2021","August 2021"
"DP1","EG3",6.53953470791857,0,25,25,"August 2022","August 2022"
"DP1","EG3",6.53953470791857,0,0,0,"July 2022","July 2022"
"DP1","DP2",3.78239522404879,0,33.3333333333333,33.3333333333333,"August 2021","August 2021"
"DP1","DP2",3.78239522404879,0,50,50,"August 2022","August 2022"
"DP1","DP2",3.78239522404879,0,0,0,"July 2022","July 2022"
"DP1","DP5",3.12429444428437,0,100,100,"August 2021","August 2021"
"DP1","DP5",3.12429444428437,0,0,0,"August 2022","August 2022"
"DP1","DP5",3.12429444428437,0,50,50,"July 2022","July 2022"
"DP1","HP1",19.8279500061077,0,66.6666666666667,66.6666666666667,"August 2021","August 2021"
"DP1","HP1",19.8279500061077,0,25,25,"August 2022","August 2022"
"DP1","HP1",19.8279500061077,0,33.3333333333333,33.3333333333333,"July 2022","July 2022"
"DP1","HE1",17.2348729991124,0,0,0,"August 2021","August 2021"
"DP1","HE1",17.2348729991124,0,25,25,"August 2022","August 2022"
"DP1","HE1",17.2348729991124,0,0,0,"July 2022","July 2022"
"DP1","MP1",2.29336063598142,0,66.6666666666667,66.6666666666667,"August 2021","August 2021"
"DP1","MP1",2.29336063598142,0,0,0,"August 2022","August 2022"
"DP1","MP1",2.29336063598142,0,0,0,"July 2022","July 2022"
"DP2","EG1",8.78293671751053,33.3333333333333,33.3333333333333,0,"August 2021","August 2021"
"DP2","EG1",8.78293671751053,50,33.3333333333333,16.6666666666667,"August 2022","August 2022"
"DP2","EG1",8.78293671751053,33.3333333333333,0,33.3333333333333,"July 2021","July 2021"
"DP2","EG1",8.78293671751053,0,0,0,"July 2022","July 2022"
"DP2","EG4",5.68030317768928,33.3333333333333,50,16.6666666666667,"August 2021","August 2021"
"DP2","EG4",5.68030317768928,50,25,25,"August 2022","August 2022"
"DP2","EG4",5.68030317768928,33.3333333333333,33.3333333333333,0,"July 2021","July 2021"
"DP2","EG4",5.68030317768928,0,50,50,"July 2022","July 2022"
"DP2","DP3",0.865783180408223,33.3333333333333,0,33.3333333333333,"August 2021","August 2021"
"DP2","DP3",0.865783180408223,50,66.6666666666667,16.6666666666667,"August 2022","August 2022"
"DP2","DP3",0.865783180408223,33.3333333333333,100,66.6666666666667,"July 2021","July 2021"
"DP2","DP3",0.865783180408223,0,33.3333333333333,33.3333333333333,"July 2022","July 2022"
"DP2","SC1",13.7334458598364,33.3333333333333,0,33.3333333333333,"August 2021","August 2021"
"DP2","SC1",13.7334458598364,50,25,25,"August 2022","August 2022"
"DP2","SC1",13.7334458598364,33.3333333333333,33.3333333333333,0,"July 2021","July 2021"
"DP2","SC1",13.7334458598364,0,0,0,"July 2022","July 2022"
"DP2","ST1",17.9785137801073,33.3333333333333,0,33.3333333333333,"August 2021","August 2021"
"DP2","ST1",17.9785137801073,50,0,50,"August 2022","August 2022"
"DP2","ST1",17.9785137801073,33.3333333333333,0,33.3333333333333,"July 2021","July 2021"
"DP2","ST1",17.9785137801073,0,33.3333333333333,33.3333333333333,"July 2022","July 2022"
"DP2","EG2",5.40321187872974,33.3333333333333,66.6666666666667,33.3333333333334,"August 2021","August 2021"
"DP2","EG2",5.40321187872974,50,0,50,"August 2022","August 2022"
"DP2","EG2",5.40321187872974,33.3333333333333,75,41.6666666666667,"July 2021","July 2021"
"DP2","EG2",5.40321187872974,0,0,0,"July 2022","July 2022"
"DP2","DP4",3.11979657083134,33.3333333333333,0,33.3333333333333,"August 2021","August 2021"
"DP2","DP4",3.11979657083134,50,25,25,"August 2022","August 2022"
"DP2","DP4",3.11979657083134,33.3333333333333,100,66.6666666666667,"July 2021","July 2021"
"DP2","DP4",3.11979657083134,0,0,0,"July 2022","July 2022"
"DP2","PR1",7.68973045137773,33.3333333333333,50,16.6666666666667,"August 2021","August 2021"
"DP2","PR1",7.68973045137773,50,25,25,"August 2022","August 2022"
"DP2","PR1",7.68973045137773,33.3333333333333,50,16.6666666666667,"July 2021","July 2021"
"DP2","PR1",7.68973045137773,0,33.3333333333333,33.3333333333333,"July 2022","July 2022"
"DP2","PR2",9.63678641310726,50,0,50,"August 2022","August 2022"
"DP2","PR2",9.63678641310726,33.3333333333333,0,33.3333333333333,"July 2021","July 2021"
"DP2","PR2",9.63678641310726,0,0,0,"July 2022","July 2022"
"DP2","PR3",9.97659391715278,33.3333333333333,33.3333333333333,0,"August 2021","August 2021"
"DP2","PR3",9.97659391715278,50,0,50,"August 2022","August 2022"
"DP2","PR3",9.97659391715278,33.3333333333333,0,33.3333333333333,"July 2021","July 2021"
"DP2","PR3",9.97659391715278,0,0,0,"July 2022","July 2022"
"DP2","PH1",6.25960917095737,33.3333333333333,100,66.6666666666667,"August 2021","August 2021"
"DP2","PH1",6.25960917095737,50,50,0,"August 2022","August 2022"
"DP2","PH1",6.25960917095737,33.3333333333333,0,33.3333333333333,"July 2021","July 2021"
"DP2","PH1",6.25960917095737,0,0,0,"July 2022","July 2022"
"DP2","EG3",3.77068781004932,33.3333333333333,0,33.3333333333333,"August 2021","August 2021"
"DP2","EG3",3.77068781004932,50,25,25,"August 2022","August 2022"
"DP2","EG3",3.77068781004932,33.3333333333333,33.3333333333333,0,"July 2021","July 2021"
"DP2","EG3",3.77068781004932,0,0,0,"July 2022","July 2022"
"DP2","DP5",3.96565402314262,33.3333333333333,100,66.6666666666667,"August 2021","August 2021"
"DP2","DP5",3.96565402314262,50,0,50,"August 2022","August 2022"
"DP2","DP5",3.96565402314262,33.3333333333333,0,33.3333333333333,"July 2021","July 2021"
"DP2","DP5",3.96565402314262,0,50,50,"July 2022","July 2022"
"DP2","HP1",17.4956238239411,33.3333333333333,66.6666666666667,33.3333333333334,"August 2021","August 2021"
"DP2","HP1",17.4956238239411,50,25,25,"August 2022","August 2022"
"DP2","HP1",17.4956238239411,0,33.3333333333333,33.3333333333333,"July 2022","July 2022"
"DP2","HE1",16.2087765632342,33.3333333333333,0,33.3333333333333,"August 2021","August 2021"
"DP2","HE1",16.2087765632342,50,25,25,"August 2022","August 2022"
"DP2","HE1",16.2087765632342,33.3333333333333,0,33.3333333333333,"July 2021","July 2021"
"DP2","HE1",16.2087765632342,0,0,0,"July 2022","July 2022"
"DP2","MP1",5.20931824259803,33.3333333333333,66.6666666666667,33.3333333333334,"August 2021","August 2021"
"DP2","MP1",5.20931824259803,50,0,50,"August 2022","August 2022"
"DP2","MP1",5.20931824259803,33.3333333333333,0,33.3333333333333,"July 2021","July 2021"
"DP2","MP1",5.20931824259803,0,0,0,"July 2022","July 2022"
"DP3","EG1",9.3593214365259,0,33.3333333333333,33.3333333333333,"August 2021","August 2021"
"DP3","EG1",9.3593214365259,66.6666666666667,33.3333333333333,33.3333333333334,"August 2022","August 2022"
"DP3","EG1",9.3593214365259,100,0,100,"July 2021","July 2021"
"DP3","EG1",9.3593214365259,33.3333333333333,0,33.3333333333333,"July 2022","July 2022"
"DP3","EG4",6.06089461540673,0,50,50,"August 2021","August 2021"
"DP3","EG4",6.06089461540673,66.6666666666667,25,41.6666666666667,"August 2022","August 2022"
"DP3","EG4",6.06089461540673,100,33.3333333333333,66.6666666666667,"July 2021","July 2021"
"DP3","EG4",6.06089461540673,33.3333333333333,50,16.6666666666667,"July 2022","July 2022"
"DP3","SC1",14.3978218474739,0,0,0,"August 2021","August 2021"
"DP3","SC1",14.3978218474739,66.6666666666667,25,41.6666666666667,"August 2022","August 2022"
"DP3","SC1",14.3978218474739,100,33.3333333333333,66.6666666666667,"July 2021","July 2021"
"DP3","SC1",14.3978218474739,33.3333333333333,0,33.3333333333333,"July 2022","July 2022"
"DP3","ST1",18.7326267032008,0,0,0,"August 2021","August 2021"
"DP3","ST1",18.7326267032008,66.6666666666667,0,66.6666666666667,"August 2022","August 2022"
"DP3","ST1",18.7326267032008,100,0,100,"July 2021","July 2021"
"DP3","ST1",18.7326267032008,33.3333333333333,33.3333333333333,0,"July 2022","July 2022"
"DP3","EG2",6.05556188837275,0,66.6666666666667,66.6666666666667,"August 2021","August 2021"
"DP3","EG2",6.05556188837275,66.6666666666667,0,66.6666666666667,"August 2022","August 2022"
"DP3","EG2",6.05556188837275,100,75,25,"July 2021","July 2021"
"DP3","EG2",6.05556188837275,33.3333333333333,0,33.3333333333333,"July 2022","July 2022"
"DP3","DP4",2.59753499006506,0,0,0,"August 2021","August 2021"
"DP3","DP4",2.59753499006506,66.6666666666667,25,41.6666666666667,"August 2022","August 2022"
"DP3","DP4",2.59753499006506,100,100,0,"July 2021","July 2021"
"DP3","DP4",2.59753499006506,33.3333333333333,0,33.3333333333333,"July 2022","July 2022"
"DP3","PR1",6.86665470263958,0,50,50,"August 2021","August 2021"
"DP3","PR1",6.86665470263958,66.6666666666667,25,41.6666666666667,"August 2022","August 2022"
"DP3","PR1",6.86665470263958,100,50,50,"July 2021","July 2021"
"DP3","PR1",6.86665470263958,33.3333333333333,33.3333333333333,0,"July 2022","July 2022"
"DP3","PR2",8.78262733231908,66.6666666666667,0,66.6666666666667,"August 2022","August 2022"
"DP3","PR2",8.78262733231908,100,0,100,"July 2021","July 2021"
"DP3","PR2",8.78262733231908,33.3333333333333,0,33.3333333333333,"July 2022","July 2022"
"DP3","PR3",9.11355074435332,0,33.3333333333333,33.3333333333333,"August 2021","August 2021"
"DP3","PR3",9.11355074435332,66.6666666666667,0,66.6666666666667,"August 2022","August 2022"
"DP3","PR3",9.11355074435332,100,0,100,"July 2021","July 2021"
"DP3","PR3",9.11355074435332,33.3333333333333,0,33.3333333333333,"July 2022","July 2022"
"DP3","PH1",6.55466784452549,0,100,100,"August 2021","August 2021"
"DP3","PH1",6.55466784452549,66.6666666666667,50,16.6666666666667,"August 2022","August 2022"
"DP3","PH1",6.55466784452549,100,0,100,"July 2021","July 2021"
"DP3","PH1",6.55466784452549,33.3333333333333,0,33.3333333333333,"July 2022","July 2022"
"DP3","EG3",4.49469931468986,0,0,0,"August 2021","August 2021"
"DP3","EG3",4.49469931468986,66.6666666666667,25,41.6666666666667,"August 2022","August 2022"
"DP3","EG3",4.49469931468986,100,33.3333333333333,66.6666666666667,"July 2021","July 2021"
"DP3","EG3",4.49469931468986,33.3333333333333,0,33.3333333333333,"July 2022","July 2022"
"DP3","DP5",3.46338194706282,0,100,100,"August 2021","August 2021"
"DP3","DP5",3.46338194706282,66.6666666666667,0,66.6666666666667,"August 2022","August 2022"
"DP3","DP5",3.46338194706282,100,0,100,"July 2021","July 2021"
"DP3","DP5",3.46338194706282,33.3333333333333,50,16.6666666666667,"July 2022","July 2022"
"DP3","HP1",18.1664830727074,0,66.6666666666667,66.6666666666667,"August 2021","August 2021"
"DP3","HP1",18.1664830727074,66.6666666666667,25,41.6666666666667,"August 2022","August 2022"
"DP3","HP1",18.1664830727074,33.3333333333333,33.3333333333333,0,"July 2022","July 2022"
"DP3","HE1",17.0421108197283,0,0,0,"August 2021","August 2021"
"DP3","HE1",17.0421108197283,66.6666666666667,25,41.6666666666667,"August 2022","August 2022"
"DP3","HE1",17.0421108197283,100,0,100,"July 2021","July 2021"
"DP3","HE1",17.0421108197283,33.3333333333333,0,33.3333333333333,"July 2022","July 2022"
"DP3","MP1",5.6928761826817,0,66.6666666666667,66.6666666666667,"August 2021","August 2021"
"DP3","MP1",5.6928761826817,66.6666666666667,0,66.6666666666667,"August 2022","August 2022"
"DP3","MP1",5.6928761826817,100,0,100,"July 2021","July 2021"
"DP3","MP1",5.6928761826817,33.3333333333333,0,33.3333333333333,"July 2022","July 2022"
"DP4","EG1",11.8968879473769,0,33.3333333333333,33.3333333333333,"August 2021","August 2021"
"DP4","EG1",11.8968879473769,25,33.3333333333333,8.3333333333333,"August 2022","August 2022"
"DP4","EG1",11.8968879473769,100,0,100,"July 2021","July 2021"
"DP4","EG1",11.8968879473769,0,0,0,"July 2022","July 2022"
"DP4","EG4",8.65842960546787,0,50,50,"August 2021","August 2021"
"DP4","EG4",8.65842960546787,25,25,0,"August 2022","August 2022"
"DP4","EG4",8.65842960546787,100,33.3333333333333,66.6666666666667,"July 2021","July 2021"
"DP4","EG4",8.65842960546787,0,50,50,"July 2022","July 2022"
"DP4","SC1",16.8426725732981,0,0,0,"August 2021","August 2021"
"DP4","SC1",16.8426725732981,25,25,0,"August 2022","August 2022"
"DP4","SC1",16.8426725732981,100,33.3333333333333,66.6666666666667,"July 2021","July 2021"
"DP4","SC1",16.8426725732981,0,0,0,"July 2022","July 2022"
"DP4","ST1",20.9930295704915,0,0,0,"August 2021","August 2021"
"DP4","ST1",20.9930295704915,25,0,25,"August 2022","August 2022"
"DP4","ST1",20.9930295704915,100,0,100,"July 2021","July 2021"
"DP4","ST1",20.9930295704915,0,33.3333333333333,33.3333333333333,"July 2022","July 2022"
"DP4","EG2",8.52153560501358,0,66.6666666666667,66.6666666666667,"August 2021","August 2021"
"DP4","EG2",8.52153560501358,25,0,25,"August 2022","August 2022"
"DP4","EG2",8.52153560501358,100,75,25,"July 2021","July 2021"
"DP4","EG2",8.52153560501358,0,0,0,"July 2022","July 2022"
"DP4","PR1",5.19475603545862,0,50,50,"August 2021","August 2021"
"DP4","PR1",5.19475603545862,25,25,0,"August 2022","August 2022"
"DP4","PR1",5.19475603545862,100,50,50,"July 2021","July 2021"
"DP4","PR1",5.19475603545862,0,33.3333333333333,33.3333333333333,"July 2022","July 2022"
"DP4","PR2",7.39987422559977,25,0,25,"August 2022","August 2022"
"DP4","PR2",7.39987422559977,100,0,100,"July 2021","July 2021"
"DP4","PR2",7.39987422559977,0,0,0,"July 2022","July 2022"
"DP4","PR3",7.93272629728793,0,33.3333333333333,33.3333333333333,"August 2021","August 2021"
"DP4","PR3",7.93272629728793,25,0,25,"August 2022","August 2022"
"DP4","PR3",7.93272629728793,100,0,100,"July 2021","July 2021"
"DP4","PR3",7.93272629728793,0,0,0,"July 2022","July 2022"
"DP4","PH1",5.4203920363694,0,100,100,"August 2021","August 2021"
"DP4","PH1",5.4203920363694,25,50,25,"August 2022","August 2022"
"DP4","PH1",5.4203920363694,100,0,100,"July 2021","July 2021"
"DP4","PH1",5.4203920363694,0,0,0,"July 2022","July 2022"
"DP4","EG3",6.86679569457611,0,0,0,"August 2021","August 2021"
"DP4","EG3",6.86679569457611,25,25,0,"August 2022","August 2022"
"DP4","EG3",6.86679569457611,100,33.3333333333333,66.6666666666667,"July 2021","July 2021"
"DP4","EG3",6.86679569457611,0,0,0,"July 2022","July 2022"
"DP4","DP5",0.865846956997958,0,100,100,"August 2021","August 2021"
"DP4","DP5",0.865846956997958,25,0,25,"August 2022","August 2022"
"DP4","DP5",0.865846956997958,100,0,100,"July 2021","July 2021"
"DP4","DP5",0.865846956997958,0,50,50,"July 2022","July 2022"
"DP4","HP1",20.6001460354315,0,66.6666666666667,66.6666666666667,"August 2021","August 2021"
"DP4","HP1",20.6001460354315,25,25,0,"August 2022","August 2022"
"DP4","HP1",20.6001460354315,0,33.3333333333333,33.3333333333333,"July 2022","July 2022"
"DP4","HE1",18.9723613896313,0,0,0,"August 2021","August 2021"
"DP4","HE1",18.9723613896313,25,25,0,"August 2022","August 2022"
"DP4","HE1",18.9723613896313,100,0,100,"July 2021","July 2021"
"DP4","HE1",18.9723613896313,0,0,0,"July 2022","July 2022"
"DP4","MP1",5.27465857836417,0,66.6666666666667,66.6666666666667,"August 2021","August 2021"
"DP4","MP1",5.27465857836417,25,0,25,"August 2022","August 2022"
"DP4","MP1",5.27465857836417,100,0,100,"July 2021","July 2021"
"DP4","MP1",5.27465857836417,0,0,0,"July 2022","July 2022"
"DP5","EG1",12.7481144020013,100,33.3333333333333,66.6666666666667,"August 2021","August 2021"
"DP5","EG1",12.7481144020013,0,33.3333333333333,33.3333333333333,"August 2022","August 2022"
"DP5","EG1",12.7481144020013,0,0,0,"July 2021","July 2021"
"DP5","EG1",12.7481144020013,50,0,50,"July 2022","July 2022"
"DP5","EG4",9.52427656246387,100,50,50,"August 2021","August 2021"
"DP5","EG4",9.52427656246387,0,25,25,"August 2022","August 2022"
"DP5","EG4",9.52427656246387,0,33.3333333333333,33.3333333333333,"July 2021","July 2021"
"DP5","EG4",9.52427656246387,50,50,0,"July 2022","July 2022"
"DP5","SC1",17.6673109592389,100,0,100,"August 2021","August 2021"
"DP5","SC1",17.6673109592389,0,25,25,"August 2022","August 2022"
"DP5","SC1",17.6673109592389,0,33.3333333333333,33.3333333333333,"July 2021","July 2021"
"DP5","SC1",17.6673109592389,50,0,50,"July 2022","July 2022"
"DP5","ST1",21.763228101145,100,0,100,"August 2021","August 2021"
"DP5","ST1",21.763228101145,0,0,0,"August 2022","August 2022"
"DP5","ST1",21.763228101145,0,0,0,"July 2021","July 2021"
"DP5","ST1",21.763228101145,50,33.3333333333333,16.6666666666667,"July 2022","July 2022"
"DP5","EG2",9.35935885611851,100,66.6666666666667,33.3333333333333,"August 2021","August 2021"
"DP5","EG2",9.35935885611851,0,0,0,"August 2022","August 2022"
"DP5","EG2",9.35935885611851,0,75,75,"July 2021","July 2021"
"DP5","EG2",9.35935885611851,50,0,50,"July 2022","July 2022"
"DP5","PR1",4.82311315092013,100,50,50,"August 2021","August 2021"
"DP5","PR1",4.82311315092013,0,25,25,"August 2022","August 2022"
"DP5","PR1",4.82311315092013,0,50,50,"July 2021","July 2021"
"DP5","PR1",4.82311315092013,50,33.3333333333333,16.6666666666667,"July 2022","July 2022"
"DP5","PR2",7.0921144162525,0,0,0,"August 2022","August 2022"
"DP5","PR2",7.0921144162525,0,0,0,"July 2021","July 2021"
"DP5","PR2",7.0921144162525,50,0,50,"July 2022","July 2022"
"DP5","PR3",7.69528070689284,100,33.3333333333333,66.6666666666667,"August 2021","August 2021"
"DP5","PR3",7.69528070689284,0,0,0,"August 2022","August 2022"
"DP5","PR3",7.69528070689284,0,0,0,"July 2021","July 2021"
"DP5","PR3",7.69528070689284,50,0,50,"July 2022","July 2022"
"DP5","PH1",5.27747259524395,100,100,0,"August 2021","August 2021"
"DP5","PH1",5.27747259524395,0,50,50,"August 2022","August 2022"
"DP5","PH1",5.27747259524395,0,0,0,"July 2021","July 2021"
"DP5","PH1",5.27747259524395,50,0,50,"July 2022","July 2022"
"DP5","EG3",7.68994014397308,100,0,100,"August 2021","August 2021"
"DP5","EG3",7.68994014397308,0,25,25,"August 2022","August 2022"
"DP5","EG3",7.68994014397308,0,33.3333333333333,33.3333333333333,"July 2021","July 2021"
"DP5","EG3",7.68994014397308,50,0,50,"July 2022","July 2022"
"DP5","HP1",21.4199238926065,100,66.6666666666667,33.3333333333333,"August 2021","August 2021"
"DP5","HP1",21.4199238926065,0,25,25,"August 2022","August 2022"
"DP5","HP1",21.4199238926065,50,33.3333333333333,16.6666666666667,"July 2022","July 2022"
"DP5","HE1",19.649977270282,100,0,100,"August 2021","August 2021"
"DP5","HE1",19.649977270282,0,25,25,"August 2022","August 2022"
"DP5","HE1",19.649977270282,0,0,0,"July 2021","July 2021"
"DP5","HE1",19.649977270282,50,0,50,"July 2022","July 2022"
"DP5","MP1",5.41219289600531,100,66.6666666666667,33.3333333333333,"August 2021","August 2021"
"DP5","MP1",5.41219289600531,0,0,0,"August 2022","August 2022"
"DP5","MP1",5.41219289600531,0,0,0,"July 2021","July 2021"
"DP5","MP1",5.41219289600531,50,0,50,"July 2022","July 2022"
"EG1","EG4",3.77058605138659,33.3333333333333,50,16.6666666666667,"August 2021","August 2021"
"EG1","EG4",3.77058605138659,33.3333333333333,25,8.3333333333333,"August 2022","August 2022"
"EG1","EG4",3.77058605138659,0,33.3333333333333,33.3333333333333,"July 2021","July 2021"
"EG1","EG4",3.77058605138659,0,50,50,"July 2022","July 2022"
"EG1","SC1",5.26162019003059,33.3333333333333,0,33.3333333333333,"August 2021","August 2021"
"EG1","SC1",5.26162019003059,33.3333333333333,25,8.3333333333333,"August 2022","August 2022"
"EG1","SC1",5.26162019003059,0,33.3333333333333,33.3333333333333,"July 2021","July 2021"
"EG1","SC1",5.26162019003059,0,0,0,"July 2022","July 2022"
"EG1","ST1",10.2010936881422,33.3333333333333,0,33.3333333333333,"August 2021","August 2021"
"EG1","ST1",10.2010936881422,33.3333333333333,0,33.3333333333333,"August 2022","August 2022"
"EG1","ST1",10.2010936881422,0,0,0,"July 2021","July 2021"
"EG1","ST1",10.2010936881422,0,33.3333333333333,33.3333333333333,"July 2022","July 2022"
"EG1","EG2",3.46334226316671,33.3333333333333,66.6666666666667,33.3333333333334,"August 2021","August 2021"
"EG1","EG2",3.46334226316671,33.3333333333333,0,33.3333333333333,"August 2022","August 2022"
"EG1","EG2",3.46334226316671,0,75,75,"July 2021","July 2021"
"EG1","EG2",3.46334226316671,0,0,0,"July 2022","July 2022"
"EG1","PR1",15.7854134774427,33.3333333333333,50,16.6666666666667,"August 2021","August 2021"
"EG1","PR1",15.7854134774427,33.3333333333333,25,8.3333333333333,"August 2022","August 2022"
"EG1","PR1",15.7854134774427,0,50,50,"July 2021","July 2021"
"EG1","PR1",15.7854134774427,0,33.3333333333333,33.3333333333333,"July 2022","July 2022"
"EG1","PR2",17.2351942074094,33.3333333333333,0,33.3333333333333,"August 2022","August 2022"
"EG1","PR2",17.2351942074094,0,0,0,"July 2021","July 2021"
"EG1","PR2",17.2351942074094,0,0,0,"July 2022","July 2022"
"EG1","PR3",17.2759521516785,33.3333333333333,33.3333333333333,0,"August 2021","August 2021"
"EG1","PR3",17.2759521516785,33.3333333333333,0,33.3333333333333,"August 2022","August 2022"
"EG1","PR3",17.2759521516785,0,0,0,"July 2021","July 2021"
"EG1","PR3",17.2759521516785,0,0,0,"July 2022","July 2022"
"EG1","PH1",13.3401297519146,33.3333333333333,100,66.6666666666667,"August 2021","August 2021"
"EG1","PH1",13.3401297519146,33.3333333333333,50,16.6666666666667,"August 2022","August 2022"
"EG1","PH1",13.3401297519146,0,0,0,"July 2021","July 2021"
"EG1","PH1",13.3401297519146,0,0,0,"July 2022","July 2022"
"EG1","EG3",5.19501824621529,33.3333333333333,0,33.3333333333333,"August 2021","August 2021"
"EG1","EG3",5.19501824621529,33.3333333333333,25,8.3333333333333,"August 2022","August 2022"
"EG1","EG3",5.19501824621529,0,33.3333333333333,33.3333333333333,"July 2021","July 2021"
"EG1","EG3",5.19501824621529,0,0,0,"July 2022","July 2022"
"EG1","HP1",8.98920089741954,33.3333333333333,66.6666666666667,33.3333333333334,"August 2021","August 2021"
"EG1","HP1",8.98920089741954,33.3333333333333,25,8.3333333333333,"August 2022","August 2022"
"EG1","HP1",8.98920089741954,0,33.3333333333333,33.3333333333333,"July 2022","July 2022"
"EG1","HE1",10.2150292458139,33.3333333333333,0,33.3333333333333,"August 2021","August 2021"
"EG1","HE1",10.2150292458139,33.3333333333333,25,8.3333333333333,"August 2022","August 2022"
"EG1","HE1",10.2150292458139,0,0,0,"July 2021","July 2021"
"EG1","HE1",10.2150292458139,0,0,0,"July 2022","July 2022"
"EG1","MP1",11.6594691426886,33.3333333333333,66.6666666666667,33.3333333333334,"August 2021","August 2021"
"EG1","MP1",11.6594691426886,33.3333333333333,0,33.3333333333333,"August 2022","August 2022"
"EG1","MP1",11.6594691426886,0,0,0,"July 2021","July 2021"
"EG1","MP1",11.6594691426886,0,0,0,"July 2022","July 2022"
"EG2","EG4",2.2961178158629,66.6666666666667,50,16.6666666666667,"August 2021","August 2021"
"EG2","EG4",2.2961178158629,0,25,25,"August 2022","August 2022"
"EG2","EG4",2.2961178158629,75,33.3333333333333,41.6666666666667,"July 2021","July 2021"
"EG2","EG4",2.2961178158629,0,50,50,"July 2022","July 2022"
"EG2","SC1",8.34255082032472,66.6666666666667,0,66.6666666666667,"August 2021","August 2021"
"EG2","SC1",8.34255082032472,0,25,25,"August 2022","August 2022"
"EG2","SC1",8.34255082032472,75,33.3333333333333,41.6666666666667,"July 2021","July 2021"
"EG2","SC1",8.34255082032472,0,0,0,"July 2022","July 2022"
"EG2","ST1",12.8010104283309,66.6666666666667,0,66.6666666666667,"August 2021","August 2021"
"EG2","ST1",12.8010104283309,0,0,0,"August 2022","August 2022"
"EG2","ST1",12.8010104283309,75,0,75,"July 2021","July 2021"
"EG2","ST1",12.8010104283309,0,33.3333333333333,33.3333333333333,"July 2022","July 2022"
"EG2","PR1",12.7424114785621,66.6666666666667,50,16.6666666666667,"August 2021","August 2021"
"EG2","PR1",12.7424114785621,0,25,25,"August 2022","August 2022"
"EG2","PR1",12.7424114785621,75,50,25,"July 2021","July 2021"
"EG2","PR1",12.7424114785621,0,33.3333333333333,33.3333333333333,"July 2022","July 2022"
"EG2","PR2",14.39770077478,0,0,0,"August 2022","August 2022"
"EG2","PR2",14.39770077478,75,0,75,"July 2021","July 2021"
"EG2","PR2",14.39770077478,0,0,0,"July 2022","July 2022"
"EG2","PR3",14.5498230171554,66.6666666666667,33.3333333333333,33.3333333333334,"August 2021","August 2021"
"EG2","PR3",14.5498230171554,0,0,0,"August 2022","August 2022"
"EG2","PR3",14.5498230171554,75,0,75,"July 2021","July 2021"
"EG2","PR3",14.5498230171554,0,0,0,"July 2022","July 2022"
"EG2","PH1",9.99626912225111,66.6666666666667,100,33.3333333333333,"August 2021","August 2021"
"EG2","PH1",9.99626912225111,0,50,50,"August 2022","August 2022"
"EG2","PH1",9.99626912225111,75,0,75,"July 2021","July 2021"
"EG2","PH1",9.99626912225111,0,0,0,"July 2022","July 2022"
"EG2","EG3",1.73167598304944,66.6666666666667,0,66.6666666666667,"August 2021","August 2021"
"EG2","EG3",1.73167598304944,0,25,25,"August 2022","August 2022"
"EG2","EG3",1.73167598304944,75,33.3333333333333,41.6666666666667,"July 2021","July 2021"
"EG2","EG3",1.73167598304944,0,0,0,"July 2022","July 2022"
"EG2","HP1",12.1109211843425,66.6666666666667,66.6666666666667,0,"August 2021","August 2021"
"EG2","HP1",12.1109211843425,0,25,25,"August 2022","August 2022"
"EG2","HP1",12.1109211843425,0,33.3333333333333,33.3333333333333,"July 2022","July 2022"
"EG2","HE1",11.709483509924,66.6666666666667,0,66.6666666666667,"August 2021","August 2021"
"EG2","HE1",11.709483509924,0,25,25,"August 2022","August 2022"
"EG2","HE1",11.709483509924,75,0,75,"July 2021","July 2021"
"EG2","HE1",11.709483509924,0,0,0,"July 2022","July 2022"
"EG2","MP1",8.36088291818539,66.6666666666667,66.6666666666667,0,"August 2021","August 2021"
"EG2","MP1",8.36088291818539,0,0,0,"August 2022","August 2022"
"EG2","MP1",8.36088291818539,75,0,75,"July 2021","July 2021"
"EG2","MP1",8.36088291818539,0,0,0,"July 2022","July 2022"
"EG3","EG4",3.12980205271069,0,50,50,"August 2021","August 2021"
"EG3","EG4",3.12980205271069,25,25,0,"August 2022","August 2022"
"EG3","EG4",3.12980205271069,33.3333333333333,33.3333333333333,0,"July 2021","July 2021"
"EG3","EG4",3.12980205271069,0,50,50,"July 2022","July 2022"
"EG3","SC1",9.97752682093111,0,0,0,"August 2021","August 2021"
"EG3","SC1",9.97752682093111,25,25,0,"August 2022","August 2022"
"EG3","SC1",9.97752682093111,33.3333333333333,33.3333333333333,0,"July 2021","July 2021"
"EG3","SC1",9.97752682093111,0,0,0,"July 2022","July 2022"
"EG3","ST1",14.2395148088242,0,0,0,"August 2021","August 2021"
"EG3","ST1",14.2395148088242,25,0,25,"August 2022","August 2022"
"EG3","ST1",14.2395148088242,33.3333333333333,0,33.3333333333333,"July 2021","July 2021"
"EG3","ST1",14.2395148088242,0,33.3333333333333,33.3333333333333,"July 2022","July 2022"
"EG3","PR1",11.3119374116642,0,50,50,"August 2021","August 2021"
"EG3","PR1",11.3119374116642,25,25,0,"August 2022","August 2022"
"EG3","PR1",11.3119374116642,33.3333333333333,50,16.6666666666667,"July 2021","July 2021"
"EG3","PR1",11.3119374116642,0,33.3333333333333,33.3333333333333,"July 2022","July 2022"
"EG3","PR2",13.0923915454818,25,0,25,"August 2022","August 2022"
"EG3","PR2",13.0923915454818,33.3333333333333,0,33.3333333333333,"July 2021","July 2021"
"EG3","PR2",13.0923915454818,0,0,0,"July 2022","July 2022"
"EG3","PR3",13.3158839113532,0,33.3333333333333,33.3333333333333,"August 2021","August 2021"
"EG3","PR3",13.3158839113532,25,0,25,"August 2022","August 2022"
"EG3","PR3",13.3158839113532,33.3333333333333,0,33.3333333333333,"July 2021","July 2021"
"EG3","PR3",13.3158839113532,0,0,0,"July 2022","July 2022"
"EG3","PH1",8.36089285391746,0,100,100,"August 2021","August 2021"
"EG3","PH1",8.36089285391746,25,50,25,"August 2022","August 2022"
"EG3","PH1",8.36089285391746,33.3333333333333,0,33.3333333333333,"July 2021","July 2021"
"EG3","PH1",8.36089285391746,0,0,0,"July 2022","July 2022"
"EG3","HP1",13.7333503408594,0,66.6666666666667,66.6666666666667,"August 2021","August 2021"
"EG3","HP1",13.7333503408594,25,25,0,"August 2022","August 2022"
"EG3","HP1",13.7333503408594,0,33.3333333333333,33.3333333333333,"July 2022","July 2022"
"EG3","HE1",12.7471832506775,0,0,0,"August 2021","August 2021"
"EG3","HE1",12.7471832506775,25,25,0,"August 2022","August 2022"
"EG3","HE1",12.7471832506775,33.3333333333333,0,33.3333333333333,"July 2021","July 2021"
"EG3","HE1",12.7471832506775,0,0,0,"July 2022","July 2022"
"EG3","MP1",6.77354537019931,0,66.6666666666667,66.6666666666667,"August 2021","August 2021"
"EG3","MP1",6.77354537019931,25,0,25,"August 2022","August 2022"
"EG3","MP1",6.77354537019931,33.3333333333333,0,33.3333333333333,"July 2021","July 2021"
"EG3","MP1",6.77354537019931,0,0,0,"July 2022","July 2022"
"EG4","SC1",9.03102532207255,50,0,50,"August 2021","August 2021"
"EG4","SC1",9.03102532207255,25,25,0,"August 2022","August 2022"
"EG4","SC1",9.03102532207255,33.3333333333333,33.3333333333333,0,"July 2021","July 2021"
"EG4","SC1",9.03102532207255,50,0,50,"July 2022","July 2022"
"EG4","ST1",13.9235620138335,50,0,50,"August 2021","August 2021"
"EG4","ST1",13.9235620138335,25,0,25,"August 2022","August 2022"
"EG4","ST1",13.9235620138335,33.3333333333333,0,33.3333333333333,"July 2021","July 2021"
"EG4","ST1",13.9235620138335,50,33.3333333333333,16.6666666666667,"July 2022","July 2022"
"EG4","PR1",12.1112119442364,50,50,0,"August 2021","August 2021"
"EG4","PR1",12.1112119442364,25,25,0,"August 2022","August 2022"
"EG4","PR1",12.1112119442364,33.3333333333333,50,16.6666666666667,"July 2021","July 2021"
"EG4","PR1",12.1112119442364,50,33.3333333333333,16.6666666666667,"July 2022","July 2022"
"EG4","PR2",13.4842114124729,25,0,25,"August 2022","August 2022"
"EG4","PR2",13.4842114124729,33.3333333333333,0,33.3333333333333,"July 2021","July 2021"
"EG4","PR2",13.4842114124729,50,0,50,"July 2022","July 2022"
"EG4","PR3",13.5093122813839,50,33.3333333333333,16.6666666666667,"August 2021","August 2021"
"EG4","PR3",13.5093122813839,25,0,25,"August 2022","August 2022"
"EG4","PR3",13.5093122813839,33.3333333333333,0,33.3333333333333,"July 2021","July 2021"
"EG4","PR3",13.5093122813839,50,0,50,"July 2022","July 2022"
"EG4","PH1",11.2754141480638,50,100,50,"August 2021","August 2021"
"EG4","PH1",11.2754141480638,25,50,25,"August 2022","August 2022"
"EG4","PH1",11.2754141480638,33.3333333333333,0,33.3333333333333,"July 2021","July 2021"
"EG4","PH1",11.2754141480638,50,0,50,"July 2022","July 2022"
"EG4","HP1",12.7421098823698,50,66.6666666666667,16.6666666666667,"August 2021","August 2021"
"EG4","HP1",12.7421098823698,25,25,0,"August 2022","August 2022"
"EG4","HP1",12.7421098823698,50,33.3333333333333,16.6666666666667,"July 2022","July 2022"
"EG4","HE1",13.4426679383555,50,0,50,"August 2021","August 2021"
"EG4","HE1",13.4426679383555,25,25,0,"August 2022","August 2022"
"EG4","HE1",13.4426679383555,33.3333333333333,0,33.3333333333333,"July 2021","July 2021"
"EG4","HE1",13.4426679383555,50,0,50,"July 2022","July 2022"
"EG4","MP1",9.77696575203858,50,66.6666666666667,16.6666666666667,"August 2021","August 2021"
"EG4","MP1",9.77696575203858,25,0,25,"August 2022","August 2022"
"EG4","MP1",9.77696575203858,33.3333333333333,0,33.3333333333333,"July 2021","July 2021"
"EG4","MP1",9.77696575203858,50,0,50,"July 2022","July 2022"
"HE1","SC1",6.88815793564974,0,0,0,"August 2021","August 2021"
"HE1","SC1",6.88815793564974,25,25,0,"August 2022","August 2022"
"HE1","SC1",6.88815793564974,0,33.3333333333333,33.3333333333333,"July 2021","July 2021"
"HE1","SC1",6.88815793564974,0,0,0,"July 2022","July 2022"
"HE1","ST1",4.50727019220969,0,0,0,"August 2021","August 2021"
"HE1","ST1",4.50727019220969,25,0,25,"August 2022","August 2022"
"HE1","ST1",4.50727019220969,0,0,0,"July 2021","July 2021"
"HE1","ST1",4.50727019220969,0,33.3333333333333,33.3333333333333,"July 2022","July 2022"
"HE1","PR1",23.8978688674532,0,50,50,"August 2021","August 2021"
"HE1","PR1",23.8978688674532,25,25,0,"August 2022","August 2022"
"HE1","PR1",23.8978688674532,0,50,50,"July 2021","July 2021"
"HE1","PR1",23.8978688674532,0,33.3333333333333,33.3333333333333,"July 2022","July 2022"
"HE1","PR2",25.798171650523,25,0,25,"August 2022","August 2022"
"HE1","PR2",25.798171650523,0,0,0,"July 2021","July 2021"
"HE1","PR2",25.798171650523,0,0,0,"July 2022","July 2022"
"HE1","PR3",26.0547928111901,0,33.3333333333333,33.3333333333333,"August 2021","August 2021"
"HE1","PR3",26.0547928111901,25,0,25,"August 2022","August 2022"
"HE1","PR3",26.0547928111901,0,0,0,"July 2021","July 2021"
"HE1","PR3",26.0547928111901,0,0,0,"July 2022","July 2022"
"HE1","PH1",17.3658022176295,0,100,100,"August 2021","August 2021"
"HE1","PH1",17.3658022176295,25,50,25,"August 2022","August 2022"
"HE1","PH1",17.3658022176295,0,0,0,"July 2021","July 2021"
"HE1","PH1",17.3658022176295,0,0,0,"July 2022","July 2022"
"HE1","HP1",7.1054304895948,0,66.6666666666667,66.6666666666667,"August 2021","August 2021"
"HE1","HP1",7.1054304895948,25,25,0,"August 2022","August 2022"
"HE1","HP1",7.1054304895948,0,33.3333333333333,33.3333333333333,"July 2022","July 2022"
"HE1","MP1",15.7851299321367,0,66.6666666666667,66.6666666666667,"August 2021","August 2021"
"HE1","MP1",15.7851299321367,25,0,25,"August 2022","August 2022"
"HE1","MP1",15.7851299321367,0,0,0,"July 2021","July 2021"
"HE1","MP1",15.7851299321367,0,0,0,"July 2022","July 2022"
"HP1","SC1",3.77059159881718,66.6666666666667,0,66.6666666666667,"August 2021","August 2021"
"HP1","SC1",3.77059159881718,25,25,0,"August 2022","August 2022"
"HP1","SC1",3.77059159881718,33.3333333333333,0,33.3333333333333,"July 2022","July 2022"
"HP1","ST1",3.12957367741383,66.6666666666667,0,66.6666666666667,"August 2021","August 2021"
"HP1","ST1",3.12957367741383,25,0,25,"August 2022","August 2022"
"HP1","ST1",3.12957367741383,33.3333333333333,33.3333333333333,0,"July 2022","July 2022"
"HP1","PR1",24.7550829171042,66.6666666666667,50,16.6666666666667,"August 2021","August 2021"
"HP1","PR1",24.7550829171042,25,25,0,"August 2022","August 2022"
"HP1","PR1",24.7550829171042,33.3333333333333,33.3333333333333,0,"July 2022","July 2022"
"HP1","PR2",26.2225196212812,25,0,25,"August 2022","August 2022"
"HP1","PR2",26.2225196212812,33.3333333333333,0,33.3333333333333,"July 2022","July 2022"
"HP1","PR3",26.2485559486496,66.6666666666667,33.3333333333333,33.3333333333334,"August 2021","August 2021"
"HP1","PR3",26.2485559486496,25,0,25,"August 2022","August 2022"
"HP1","PR3",26.2485559486496,33.3333333333333,0,33.3333333333333,"July 2022","July 2022"
"HP1","PH1",20.8293067000477,66.6666666666667,100,33.3333333333333,"August 2021","August 2021"
"HP1","PH1",20.8293067000477,25,50,25,"August 2022","August 2022"
"HP1","PH1",20.8293067000477,33.3333333333333,0,33.3333333333333,"July 2022","July 2022"
"HP1","MP1",19.102544727903,66.6666666666667,66.6666666666667,0,"August 2021","August 2021"
"HP1","MP1",19.102544727903,25,0,25,"August 2022","August 2022"
"HP1","MP1",19.102544727903,33.3333333333333,0,33.3333333333333,"July 2022","July 2022"
"MP1","SC1",15.5849974517391,66.6666666666667,0,66.6666666666667,"August 2021","August 2021"
"MP1","SC1",15.5849974517391,0,25,25,"August 2022","August 2022"
"MP1","SC1",15.5849974517391,0,33.3333333333333,33.3333333333333,"July 2021","July 2021"
"MP1","SC1",15.5849974517391,0,0,0,"July 2022","July 2022"
"MP1","ST1",18.7184150655256,66.6666666666667,0,66.6666666666667,"August 2021","August 2021"
"MP1","ST1",18.7184150655256,0,0,0,"August 2022","August 2022"
"MP1","ST1",18.7184150655256,0,0,0,"July 2021","July 2021"
"MP1","ST1",18.7184150655256,0,33.3333333333333,33.3333333333333,"July 2022","July 2022"
"MP1","PR1",10.2154203561257,66.6666666666667,50,16.6666666666667,"August 2021","August 2021"
"MP1","PR1",10.2154203561257,0,25,25,"August 2022","August 2022"
"MP1","PR1",10.2154203561257,0,50,50,"July 2021","July 2021"
"MP1","PR1",10.2154203561257,0,33.3333333333333,33.3333333333333,"July 2022","July 2022"
"MP1","PR2",12.4972482438321,0,0,0,"August 2022","August 2022"
"MP1","PR2",12.4972482438321,0,0,0,"July 2021","July 2021"
"MP1","PR2",12.4972482438321,0,0,0,"July 2022","July 2022"
"MP1","PR3",13.1071157153968,66.6666666666667,33.3333333333333,33.3333333333334,"August 2021","August 2021"
"MP1","PR3",13.1071157153968,0,0,0,"August 2022","August 2022"
"MP1","PR3",13.1071157153968,0,0,0,"July 2021","July 2021"
"MP1","PR3",13.1071157153968,0,0,0,"July 2022","July 2022"
"MP1","PH1",1.73168092571023,66.6666666666667,100,33.3333333333333,"August 2021","August 2021"
"MP1","PH1",1.73168092571023,0,50,50,"August 2022","August 2022"
"MP1","PH1",1.73168092571023,0,0,0,"July 2021","July 2021"
"MP1","PH1",1.73168092571023,0,0,0,"July 2022","July 2022"
"PH1","SC1",17.3166783774312,100,0,100,"August 2021","August 2021"
"PH1","SC1",17.3166783774312,50,25,25,"August 2022","August 2022"
"PH1","SC1",17.3166783774312,0,33.3333333333333,33.3333333333333,"July 2021","July 2021"
"PH1","SC1",17.3166783774312,0,0,0,"July 2022","July 2022"
"PH1","ST1",20.4034107963573,100,0,100,"August 2021","August 2021"
"PH1","ST1",20.4034107963573,50,0,50,"August 2022","August 2022"
"PH1","ST1",20.4034107963573,0,0,0,"July 2021","July 2021"
"PH1","ST1",20.4034107963573,0,33.3333333333333,33.3333333333333,"July 2022","July 2022"
"PH1","PR1",9.84723800295169,100,50,50,"August 2021","August 2021"
"PH1","PR1",9.84723800295169,50,25,25,"August 2022","August 2022"
"PH1","PR1",9.84723800295169,0,50,50,"July 2021","July 2021"
"PH1","PR1",9.84723800295169,0,33.3333333333333,33.3333333333333,"July 2022","July 2022"
"PH1","PR2",12.1375697571747,50,0,50,"August 2022","August 2022"
"PH1","PR2",12.1375697571747,0,0,0,"July 2021","July 2021"
"PH1","PR2",12.1375697571747,0,0,0,"July 2022","July 2022"
"PH1","PR3",12.8231968222272,100,33.3333333333333,66.6666666666667,"August 2021","August 2021"
"PH1","PR3",12.8231968222272,50,0,50,"August 2022","August 2022"
"PH1","PR3",12.8231968222272,0,0,0,"July 2021","July 2021"
"PH1","PR3",12.8231968222272,0,0,0,"July 2022","July 2022"
"PR1","SC1",20.9932454221444,50,0,50,"August 2021","August 2021"
"PR1","SC1",20.9932454221444,25,25,0,"August 2022","August 2022"
"PR1","SC1",20.9932454221444,50,33.3333333333333,16.6666666666667,"July 2021","July 2021"
"PR1","SC1",20.9932454221444,33.3333333333333,0,33.3333333333333,"July 2022","July 2022"
"PR1","ST1",25.5287341331669,50,0,50,"August 2021","August 2021"
"PR1","ST1",25.5287341331669,25,0,25,"August 2022","August 2022"
"PR1","ST1",25.5287341331669,50,0,50,"July 2021","July 2021"
"PR1","ST1",25.5287341331669,33.3333333333333,33.3333333333333,0,"July 2022","July 2022"
"PR1","PR2",2.29341943357438,25,0,25,"August 2022","August 2022"
"PR1","PR2",2.29341943357438,50,0,50,"July 2021","July 2021"
"PR1","PR2",2.29341943357438,33.3333333333333,0,33.3333333333333,"July 2022","July 2022"
"PR1","PR3",2.99577313737512,50,33.3333333333333,16.6666666666667,"August 2021","August 2021"
"PR1","PR3",2.99577313737512,25,0,25,"August 2022","August 2022"
"PR1","PR3",2.99577313737512,50,0,50,"July 2021","July 2021"
"PR1","PR3",2.99577313737512,33.3333333333333,0,33.3333333333333,"July 2022","July 2022"
"PR2","SC1",22.49017449734,0,25,25,"August 2022","August 2022"
"PR2","SC1",22.49017449734,0,33.3333333333333,33.3333333333333,"July 2021","July 2021"
"PR2","SC1",22.49017449734,0,0,0,"July 2022","July 2022"
"PR2","ST1",27.1904316375886,0,0,0,"August 2022","August 2022"
"PR2","ST1",27.1904316375886,0,0,0,"July 2021","July 2021"
"PR2","ST1",27.1904316375886,0,33.3333333333333,33.3333333333333,"July 2022","July 2022"
"PR2","PR3",0.859087542848524,0,0,0,"August 2022","August 2022"
"PR2","PR3",0.859087542848524,0,0,0,"July 2021","July 2021"
"PR2","PR3",0.859087542848524,0,0,0,"July 2022","July 2022"
"PR3","SC1",22.5374538524212,33.3333333333333,0,33.3333333333333,"August 2021","August 2021"
"PR3","SC1",22.5374538524212,0,25,25,"August 2022","August 2022"
"PR3","SC1",22.5374538524212,0,33.3333333333333,33.3333333333333,"July 2021","July 2021"
"PR3","SC1",22.5374538524212,0,0,0,"July 2022","July 2022"
"PR3","ST1",27.311230713106,33.3333333333333,0,33.3333333333333,"August 2021","August 2021"
"PR3","ST1",27.311230713106,0,0,0,"August 2022","August 2022"
"PR3","ST1",27.311230713106,0,0,0,"July 2021","July 2021"
"PR3","ST1",27.311230713106,0,33.3333333333333,33.3333333333333,"July 2022","July 2022"
"SC1","ST1",5.19448974196538,0,0,0,"August 2021","August 2021"
"SC1","ST1",5.19448974196538,25,0,25,"August 2022","August 2022"
"SC1","ST1",5.19448974196538,33.3333333333333,0,33.3333333333333,"July 2021","July 2021"
"SC1","ST1",5.19448974196538,0,33.3333333333333,33.3333333333333,"July 2022","July 2022"
